{"cameraMode":{"drawMode":0,"name":"Shaded","section":"Shading Mode"},"sceneLighting":true,"audioPlay":false,"sceneViewState":{"showFog":false,"showMaterialUpdate":false,"showSkybox":false,"showFlares":false,"showImageEffects":false,"showParticleSystems":false},"in2DMode":false,"pivot":{"x":902.2267456054688,"y":574.84228515625,"z":1600.9808349609375},"rotation":{"x":0.020997105166316034,"y":-0.0023966163862496616,"z":0.0001010647029033862,"w":0.9998088479042053},"size":2773.49853515625,"orthographic":false}