{"cameraMode":{"drawMode":0,"name":"Shaded","section":"Shading Mode"},"sceneLighting":true,"audioPlay":false,"sceneViewState":{"showFog":false,"showMaterialUpdate":false,"showSkybox":false,"showFlares":false,"showImageEffects":false,"showParticleSystems":false},"in2DMode":false,"pivot":{"x":898.0750732421875,"y":261.6559143066406,"z":906.146484375},"rotation":{"x":0.06295686215162277,"y":-0.005384766962379217,"z":0.0003681997477542609,"w":0.998028576374054},"size":1641.6461181640625,"orthographic":false}