{"cameraMode":{"drawMode":0,"name":"Shaded","section":"Shading Mode"},"sceneLighting":true,"audioPlay":false,"sceneViewState":{"showFog":false,"showMaterialUpdate":false,"showSkybox":false,"showFlares":false,"showImageEffects":false,"showParticleSystems":false},"in2DMode":false,"pivot":{"x":-137.9395294189453,"y":-145.1569061279297,"z":113.16802215576172},"rotation":{"x":0.3274778425693512,"y":-0.4451066255569458,"z":0.17908169329166413,"w":0.8140021562576294},"size":228.95396423339845,"orthographic":false}