{"cameraMode":{"drawMode":0,"name":"Shaded","section":"Shading Mode"},"sceneLighting":true,"audioPlay":false,"sceneViewState":{"showFog":false,"showMaterialUpdate":false,"showSkybox":false,"showFlares":false,"showImageEffects":false,"showParticleSystems":false},"in2DMode":false,"pivot":{"x":8.07916259765625,"y":-110.59618377685547,"z":-163.81161499023438},"rotation":{"x":-0.01437598466873169,"y":-0.956770122051239,"z":0.28655290603637698,"w":-0.047973521053791049},"size":210.08541870117188,"orthographic":false}