{"cameraMode":{"drawMode":0,"name":"Shaded","section":"Shading Mode"},"sceneLighting":true,"audioPlay":false,"sceneViewState":{"showFog":false,"showMaterialUpdate":false,"showSkybox":false,"showFlares":false,"showImageEffects":false,"showParticleSystems":false},"in2DMode":false,"pivot":{"x":-22.407737731933595,"y":-9.026846885681153,"z":-55.724937438964847},"rotation":{"x":0.015989553183317186,"y":-0.9825876355171204,"z":0.10146427899599076,"w":0.1548379361629486},"size":141.92962646484376,"orthographic":false}