{"cameraMode":{"drawMode":0,"name":"Shaded","section":"Shading Mode"},"sceneLighting":true,"audioPlay":false,"sceneViewState":{"showFog":false,"showMaterialUpdate":false,"showSkybox":false,"showFlares":false,"showImageEffects":false,"showParticleSystems":false},"in2DMode":false,"pivot":{"x":786.8278198242188,"y":792.9498291015625,"z":1609.593994140625},"rotation":{"x":0.020997105166316034,"y":-0.0023966163862496616,"z":0.0001010647029033862,"w":0.9998088479042053},"size":2272.554443359375,"orthographic":false}