{"cameraMode":{"drawMode":0,"name":"Shaded","section":"Shading Mode"},"sceneLighting":true,"audioPlay":false,"sceneViewState":{"showFog":false,"showMaterialUpdate":false,"showSkybox":false,"showFlares":false,"showImageEffects":false,"showParticleSystems":false},"in2DMode":false,"pivot":{"x":2.5038681030273439,"y":9.478235244750977,"z":10.120407104492188},"rotation":{"x":0.23393334448337556,"y":-0.6232954263687134,"z":0.20314234495162965,"w":0.7180392742156982},"size":27.287939071655275,"orthographic":false}