{"cameraMode":{"drawMode":0,"name":"Shaded","section":"Shading Mode"},"sceneLighting":true,"audioPlay":false,"sceneViewState":{"showFog":false,"showMaterialUpdate":false,"showSkybox":false,"showFlares":false,"showImageEffects":false,"showParticleSystems":false},"in2DMode":false,"pivot":{"x":818.9143676757813,"y":341.48291015625,"z":18.959228515625},"rotation":{"x":0.04947850480675697,"y":-0.003891632193699479,"z":0.00024374399799853563,"w":0.9988014698028565},"size":1223.4188232421875,"orthographic":false}