{"cameraMode":{"drawMode":0,"name":"Shaded","section":"Shading Mode"},"sceneLighting":true,"audioPlay":false,"sceneViewState":{"showFog":false,"showMaterialUpdate":false,"showSkybox":false,"showFlares":false,"showImageEffects":false,"showParticleSystems":false},"in2DMode":false,"pivot":{"x":-18.862815856933595,"y":-0.2464313507080078,"z":28.352277755737306},"rotation":{"x":-0.15570487082004548,"y":0.6893472671508789,"z":-0.15694855153560639,"w":-0.6899737119674683},"size":29.358230590820314,"orthographic":false}