{"cameraMode":{"drawMode":0,"name":"Shaded","section":"Shading Mode"},"sceneLighting":true,"audioPlay":false,"sceneViewState":{"showFog":false,"showMaterialUpdate":false,"showSkybox":false,"showFlares":false,"showImageEffects":false,"showParticleSystems":false},"in2DMode":false,"pivot":{"x":1004.1953735351563,"y":518.017822265625,"z":1599.112060546875},"rotation":{"x":0.020997105166316034,"y":-0.0023966163862496616,"z":0.0001010647029033862,"w":0.9998088479042053},"size":2959.456787109375,"orthographic":false}