{"cameraMode":{"drawMode":0,"name":"Shaded","section":"Shading Mode"},"sceneLighting":true,"audioPlay":false,"sceneViewState":{"showFog":false,"showMaterialUpdate":false,"showSkybox":false,"showFlares":false,"showImageEffects":false,"showParticleSystems":false},"in2DMode":false,"pivot":{"x":1266.3421630859375,"y":522.6439819335938,"z":1027.16455078125},"rotation":{"x":0.059963375329971316,"y":-0.0008931438205763698,"z":0.0000938666780712083,"w":0.9982292056083679},"size":2046.39599609375,"orthographic":false}