{"cameraMode":{"drawMode":0,"name":"Shaded","section":"Shading Mode"},"sceneLighting":false,"audioPlay":false,"sceneViewState":{"showFog":false,"showMaterialUpdate":false,"showSkybox":false,"showFlares":false,"showImageEffects":false,"showParticleSystems":false},"in2DMode":false,"pivot":{"x":6.605985641479492,"y":2.8379526138305666,"z":7.934202194213867},"rotation":{"x":-0.33155155181884768,"y":0.6396538019180298,"z":-0.35653743147850039,"w":-0.594828188419342},"size":45.77033996582031,"orthographic":false}