{"cameraMode":{"drawMode":0,"name":"Shaded","section":"Shading Mode"},"sceneLighting":true,"audioPlay":false,"sceneViewState":{"showFog":false,"showMaterialUpdate":false,"showSkybox":false,"showFlares":false,"showImageEffects":false,"showParticleSystems":false},"in2DMode":false,"pivot":{"x":-17.98064422607422,"y":-22.845346450805665,"z":-22.299863815307618},"rotation":{"x":0.059551410377025607,"y":-0.9198992848396301,"z":0.3557377755641937,"w":0.15403158962726594},"size":42.663509368896487,"orthographic":false}