{"cameraMode":{"drawMode":0,"name":"Shaded","section":"Shading Mode"},"sceneLighting":true,"audioPlay":false,"sceneViewState":{"showFog":false,"showMaterialUpdate":false,"showSkybox":false,"showFlares":false,"showImageEffects":false,"showParticleSystems":false},"in2DMode":false,"pivot":{"x":-2.980232449711906e-10,"y":0.1399642825126648,"z":-0.001871196087449789},"rotation":{"x":0.1970413625240326,"y":-0.6715701818466187,"z":0.19240516424179078,"w":0.6878963708877564},"size":31.440011978149415,"orthographic":false}