{"cameraMode":{"drawMode":0,"name":"Shaded","section":"Shading Mode"},"sceneLighting":true,"audioPlay":false,"sceneViewState":{"showFog":false,"showMaterialUpdate":false,"showSkybox":false,"showFlares":false,"showImageEffects":false,"showParticleSystems":false},"in2DMode":false,"pivot":{"x":-9.588170051574707,"y":-10.980605125427246,"z":-37.464195251464847},"rotation":{"x":0.006235587410628796,"y":-0.9713563919067383,"z":0.2361631691455841,"w":0.02564801648259163},"size":61.863975524902347,"orthographic":false}