{"cameraMode":{"drawMode":0,"name":"Shaded","section":"Shading Mode"},"sceneLighting":true,"audioPlay":false,"sceneViewState":{"showFog":false,"showMaterialUpdate":false,"showSkybox":false,"showFlares":false,"showImageEffects":false,"showParticleSystems":false},"in2DMode":false,"pivot":{"x":923.8086547851563,"y":536.0792236328125,"z":500.673828125},"rotation":{"x":0.052474699914455417,"y":-0.003891476895660162,"z":0.0002103821316268295,"w":0.9986364245414734},"size":1895.6771240234375,"orthographic":false}