{"cameraMode":{"drawMode":0,"name":"Shaded","section":"Shading Mode"},"sceneLighting":true,"audioPlay":false,"sceneViewState":{"showFog":false,"showMaterialUpdate":false,"showSkybox":false,"showFlares":false,"showImageEffects":false,"showParticleSystems":false},"in2DMode":false,"pivot":{"x":-27.616344451904298,"y":-16.81863021850586,"z":18.46698570251465},"rotation":{"x":0.23459254205226899,"y":-0.6865109205245972,"z":0.2513829469680786,"w":0.640712320804596},"size":27.193899154663087,"orthographic":false}