{"cameraMode":{"drawMode":0,"name":"Shaded","section":"Shading Mode"},"sceneLighting":true,"audioPlay":false,"sceneViewState":{"showFog":false,"showMaterialUpdate":false,"showSkybox":false,"showFlares":false,"showImageEffects":false,"showParticleSystems":false},"in2DMode":false,"pivot":{"x":-5.4577202796936039,"y":5.672427177429199,"z":-15.023433685302735},"rotation":{"x":0.03786772862076759,"y":-0.9615205526351929,"z":-0.17407473921775819,"w":-0.20917025208473206},"size":12.387818336486817,"orthographic":false}