{"cameraMode":{"drawMode":0,"name":"Shaded","section":"Shading Mode"},"sceneLighting":true,"audioPlay":false,"sceneViewState":{"showFog":false,"showMaterialUpdate":false,"showSkybox":false,"showFlares":false,"showImageEffects":false,"showParticleSystems":false},"in2DMode":false,"pivot":{"x":-13.74808120727539,"y":-14.357269287109375,"z":-31.923141479492189},"rotation":{"x":0.059551410377025607,"y":-0.9198992848396301,"z":0.3557377755641937,"w":0.15403158962726594},"size":43.11566925048828,"orthographic":false}