{"cameraMode":{"drawMode":0,"name":"Shaded","section":"Shading Mode"},"sceneLighting":false,"audioPlay":false,"sceneViewState":{"showFog":false,"showMaterialUpdate":false,"showSkybox":false,"showFlares":false,"showImageEffects":false,"showParticleSystems":false},"in2DMode":false,"pivot":{"x":0.36447590589523318,"y":0.9999995231628418,"z":-0.3234844207763672},"rotation":{"x":-0.21370631456375123,"y":0.6805354356765747,"z":-0.21836772561073304,"w":-0.6659973859786987},"size":5.347590923309326,"orthographic":false}