{"cameraMode":{"drawMode":0,"name":"Shaded","section":"Shading Mode"},"sceneLighting":false,"audioPlay":false,"sceneViewState":{"showFog":false,"showMaterialUpdate":false,"showSkybox":false,"showFlares":false,"showImageEffects":false,"showParticleSystems":false},"in2DMode":false,"pivot":{"x":-323.58197021484377,"y":73.42333984375,"z":-76.91810607910156},"rotation":{"x":-0.19653847813606263,"y":0.3070067763328552,"z":-0.06495361030101776,"w":-0.9289301633834839},"size":4.666904449462891,"orthographic":false}