{"cameraMode":{"drawMode":0,"name":"Shaded","section":"Shading Mode"},"sceneLighting":false,"audioPlay":false,"sceneViewState":{"showFog":false,"showMaterialUpdate":false,"showSkybox":false,"showFlares":false,"showImageEffects":false,"showParticleSystems":false},"in2DMode":false,"pivot":{"x":-317.7952575683594,"y":69.3870620727539,"z":9.619505882263184},"rotation":{"x":-0.33155155181884768,"y":0.6396538019180298,"z":-0.35653743147850039,"w":-0.594828188419342},"size":4.669823169708252,"orthographic":false}